Company Name,LinkedIn Profile
Amazon,https://www.linkedin.com/company/amazon/
Apple,https://www.linkedin.com/company/apple/
Microsoft,https://www.linkedin.com/company/microsoft/
IBM,https://www.linkedin.com/company/ibm/
Chevron,https://www.linkedin.com/company/chevron/
General Motors,https://www.linkedin.com/company/general-motors/
Johnson & Johnson,https://www.linkedin.com/company/johnson-&-johnson/
ExxonMobil,https://www.linkedin.com/company/exxonmobil/
Dell Technologies,https://www.linkedin.com/company/delltechnologies/
PepsiCo,https://www.linkedin.com/company/pepsico/
Google,https://www.linkedin.com/company/google/
Citi,https://www.linkedin.com/company/citi/
Procter & Gamble,https://www.linkedin.com/company/procter-and-gamble/
Cisco,https://www.linkedin.com/company/cisco/
LinkedIn,https://www.linkedin.com/company/linkedin/
Oracle,https://www.linkedin.com/company/oracle/
Walmart,https://www.linkedin.com/company/walmart/
Pfizer,https://www.linkedin.com/company/pfizer/
Boeing,https://www.linkedin.com/company/boeing/
AT&T,https://www.linkedin.com/company/att/
HP,https://www.linkedin.com/company/hp/
TED Conferences,https://www.linkedin.com/company/ted-conferences/
LinkedIn News,https://www.linkedin.com/company/linkedin-news/
GE,https://www.linkedin.com/company/ge/
Goldman Sachs,https://www.linkedin.com/company/goldman-sachs/
Ford Motor Company,https://www.linkedin.com/company/ford-motor-company/
UnitedHealth Group,https://www.linkedin.com/company/unitedhealth-group/
Verizon,https://www.linkedin.com/company/verizon/
Forbes,https://www.linkedin.com/company/forbes-magazine/
Nestlé,https://www.linkedin.com/company/nestle-s-a-/
Nike,https://www.linkedin.com/company/nike/
Morgan Stanley,https://www.linkedin.com/company/morgan-stanley/
Tesla,https://www.linkedin.com/company/tesla-motors/
Unilever,https://www.linkedin.com/company/unilever/
Lockheed Martin,https://www.linkedin.com/company/lockheed-martin/
Abbott,https://www.linkedin.com/company/abbott-/
Target,https://www.linkedin.com/company/target/
Meta,https://www.linkedin.com/company/meta/
Netflix,https://www.linkedin.com/company/netflix/
Business Insider,https://www.linkedin.com/company/businessinsider/
UPS,https://www.linkedin.com/company/ups/
Amazon Web Services (AWS),https://www.linkedin.com/company/amazon-web-services/
The Wall Street Journal,https://www.linkedin.com/company/the-wall-street-journal/
The Walt Disney Company,https://www.linkedin.com/company/the-walt-disney-company/
Wells Fargo,https://www.linkedin.com/company/wellsfargo/
FedEx,https://www.linkedin.com/company/fedex/
Bank of America,https://www.linkedin.com/company/bank-of-america/
Delhi University,https://www.linkedin.com/company/delhi-university/
Honeywell,https://www.linkedin.com/company/honeywell/
Caterpillar Inc.,https://www.linkedin.com/company/caterpillar-inc/
The Coca-Cola Company,https://www.linkedin.com/company/the-coca-cola-company/
Samsung Electronics,https://www.linkedin.com/company/samsung-electronics/
Crossover,https://www.linkedin.com/company/crossover/
American Express,https://www.linkedin.com/company/american-express/
The New York Times,https://www.linkedin.com/company/the-new-york-times/
Intel Corporation,https://www.linkedin.com/company/intel-corporation/
JPMorganChase,https://www.linkedin.com/company/jpmorganchase/
OpenAI,https://www.linkedin.com/company/openai/
Salesforce,https://www.linkedin.com/company/salesforce/
Comcast,https://www.linkedin.com/company/comcast/
United Nations,https://www.linkedin.com/company/united-nations/
Huawei,https://www.linkedin.com/company/huawei/
Harvard Business Review,https://www.linkedin.com/company/harvard-business-review/
LinkedIn Guide to Networking,https://www.linkedin.com/company/linkedin-member-guide/
Generative AI,https://www.linkedin.com/company/genai-works/
Genpact,https://www.linkedin.com/company/genpact/
Shell,https://www.linkedin.com/company/shell/
Boston Consulting Group (BCG),https://www.linkedin.com/company/boston-consulting-group/
J.P. Morgan,https://www.linkedin.com/company/jpmorgan/
"Lowe's Companies, Inc.",https://www.linkedin.com/company/lowe%27s-home-improvement/
GitHub,https://www.linkedin.com/company/github/
LinkedIn for Marketing,https://www.linkedin.com/company/linkedin-for-mktg/
John Deere,https://www.linkedin.com/company/john-deere/
Hewlett Packard Enterprise,https://www.linkedin.com/company/hewlett-packard-enterprise/
Bloomberg News,https://www.linkedin.com/company/bloomberg-news/
Upwork,https://www.linkedin.com/company/upwork/
Robert Half,https://www.linkedin.com/company/robert-half-international/
McDonald's,https://www.linkedin.com/company/mcdonald%27s-corporation/
Insight Global,https://www.linkedin.com/company/insight-global/
Uber,https://www.linkedin.com/company/uber-com/
Bayer,https://www.linkedin.com/company/bayer/
Toyota Motor Corporation,https://www.linkedin.com/company/toyota/
The Home Depot,https://www.linkedin.com/company/the-home-depot/
TikTok,https://www.linkedin.com/company/tiktok/
NVIDIA,https://www.linkedin.com/company/nvidia/
Starbucks,https://www.linkedin.com/company/starbucks/
SpaceX,https://www.linkedin.com/company/spacex/
National Geographic,https://www.linkedin.com/company/national-geographic/
Cognizant,https://www.linkedin.com/company/cognizant/
Cardinal Health,https://www.linkedin.com/company/cardinal-health/
BMW Group,https://www.linkedin.com/company/bmw-group/
CNN,https://www.linkedin.com/company/cnn/
Business Insider Advertising,https://www.linkedin.com/company/business-insider-advertising/
LHH,https://www.linkedin.com/company/lhhworldwide/
Siemens,https://www.linkedin.com/company/siemens/
CNBC,https://www.linkedin.com/company/cnbc/
Mondelēz International,https://www.linkedin.com/company/mondelezinternational/
Jobot,https://www.linkedin.com/company/jobot/
ManpowerGroup,https://www.linkedin.com/company/manpowergroup/
Costco Wholesale,https://www.linkedin.com/company/costco-wholesale/
